{
  "test_loss": 0.11470945179462433,
  "test_accuracy": 0.971990168094635,
  "test_top3_accuracy": 0.9928746819496155,
  "macro_f1": 0.97203864814805,
  "weighted_f1": 0.9720386481480501
}