{
  "bacterial_spot": {
    "precision": 0.977924944812362,
    "recall": 0.9506437768240343,
    "f1-score": 0.9640914036996736,
    "support": 466.0
  },
  "early_blight": {
    "precision": 0.9398907103825137,
    "recall": 0.9347826086956522,
    "f1-score": 0.9373297002724795,
    "support": 184.0
  },
  "healthy": {
    "precision": 0.9635258358662614,
    "recall": 0.984472049689441,
    "f1-score": 0.9738863287250384,
    "support": 322.0
  },
  "late_blight": {
    "precision": 0.9331550802139037,
    "recall": 0.9331550802139037,
    "f1-score": 0.9331550802139037,
    "support": 374.0
  },
  "leaf_mold": {
    "precision": 0.9629629629629629,
    "recall": 0.9430051813471503,
    "f1-score": 0.9528795811518325,
    "support": 193.0
  },
  "powdery_mildew": {
    "precision": 0.9746835443037974,
    "recall": 0.9625,
    "f1-score": 0.9685534591194969,
    "support": 320.0
  },
  "septoria_leaf_spot": {
    "precision": 0.9408983451536643,
    "recall": 0.9636803874092009,
    "f1-score": 0.9521531100478469,
    "support": 413.0
  },
  "spider_mites_two_spotted_spider_mite": {
    "precision": 0.9629629629629629,
    "recall": 0.9923664122137404,
    "f1-score": 0.9774436090225563,
    "support": 262.0
  },
  "target_spot": {
    "precision": 0.985,
    "recall": 0.9516908212560387,
    "f1-score": 0.9680589680589681,
    "support": 207.0
  },
  "tomato_mosaic_virus": {
    "precision": 0.950920245398773,
    "recall": 0.9748427672955975,
    "f1-score": 0.9627329192546584,
    "support": 159.0
  },
  "tomato_yellow_leaf_curl_virus": {
    "precision": 0.9881796690307328,
    "recall": 0.9881796690307328,
    "f1-score": 0.9881796690307328,
    "support": 423.0
  },
  "accuracy": 0.9626843213963286,
  "macro avg": {
    "precision": 0.9618276637352668,
    "recall": 0.9617562503614085,
    "f1-score": 0.9616785298724717,
    "support": 3323.0
  },
  "weighted avg": {
    "precision": 0.9628761516804425,
    "recall": 0.9626843213963286,
    "f1-score": 0.962672802728726,
    "support": 3323.0
  }
}