{
  "test_loss": 0.11462635546922684,
  "test_accuracy": 0.9724815487861633,
  "test_top3_accuracy": 0.9933661222457886,
  "macro_f1": 0.9724964456506183,
  "weighted_f1": 0.9724964456506185
}