{
  "test_loss": 0.112982377409935,
  "test_accuracy": 0.9697788953781128,
  "test_top3_accuracy": 0.9928746819496155,
  "macro_f1": 0.9698547784756936,
  "weighted_f1": 0.9698547784756933
}